，question,answer
灵山胜境在哪里？,灵山胜境位于江苏省无锡市滨湖区，是一处以佛教文化为核心的主题景区。
灵山胜境是什么地方？,灵山胜境是一处以佛教文化为核心的主题景区，位于江苏省无锡市。景区内包含灵山大佛、梵宫、五印坛城、九龙灌浴、拈花湾等主要景点，是国家5A级旅游景区。
灵山胜境有哪些主要景点？,灵山胜境的主要景点包括：灵山大佛、灵山胜境牌坊、九龙灌浴、梵宫、五印坛城、阿育王柱、天下第一掌、百子戏弥勒、降魔浮雕、曼飞龙塔、拈花湾等。
灵山大佛有多高？,灵山大佛佛身高88米（佛身79米+莲花座9米），加上基座总高101.5米，由2000块青铜板块拼接而成，是国内最高的巨型青铜佛像之一。
灵山大佛用什么材料建造的？,"灵山大佛由2000块青铜板块拼接而成，总重约700吨。佛身表面经过特殊处理，呈现金光灿灿的效果，能抵御各种气候侵蚀。"
灵山大佛有什么寓意？,灵山大佛是灵山胜境的核心地标，背倚小灵山，面朝太湖，寓意"佛光普照、福泽众生"。大佛右手结"施无畏印"表示去除众生畏惧，左手结"与愿印"表示满足众生愿望。
灵山胜境牌坊在哪里？有什么特色？,灵山胜境牌坊位于景区入口处，面朝太湖。牌坊由汉白玉和青石雕刻而成，为五门六柱式石牌坊，宽16.8米，高35米，十分宏伟壮观。牌坊上雕刻有佛教经文、莲花、飞天等精美图案。
九龙灌浴是什么？,九龙灌浴是灵山胜境的大型音乐动态群雕表演，讲述了佛陀诞生时九龙吐水为其沐浴的佛教故事。表演结合了音乐、喷泉、莲花开合和青铜雕塑，场面宏伟壮观。
九龙灌浴的演出时间是什么？,九龙灌浴平日演出时间为10:00、11:30、13:30、15:00，周末和节假日可能增加演出场次，每场演出约15分钟，建议提前10分钟到达占好位置。具体时间以景区当天广播通知为准。
九龙灌浴有什么看点？,九龙灌浴的核心看点是动态雕塑和佛教故事演绎：高达数米的巨型莲花缓缓绽放，释迦牟尼太子像从中升起，周围九条龙口中喷出甘露沐浴太子像，配合音乐和水景变化，场面壮观感人。
梵宫是什么？,梵宫是一座宏伟的佛教文化艺术殿堂，位于灵山胜境核心区域。梵宫内设有多个展厅和表演区域，通过全息投影、水幕电影等现代科技手段展现佛教文化，是灵山胜境的标志性建筑之一。
梵宫有什么值得看的内容？,梵宫内有三大看点：一是圣坛区域的《吉祥颂》大型演出，通过全息投影和水幕电影展现佛陀成道故事；二是佛教艺术珍品展览，包括琉璃佛像、唐卡和壁画；三是梵宫本身的建筑艺术，内部金碧辉煌、工艺精湛。
梵宫的建筑特色是什么？,"梵宫建筑融合了汉传佛教与藏传佛教风格，外观庄严宏伟，内部装饰金碧辉煌。梵宫顶部有五个金色塔尖，象征佛教的五方五佛。宫内大量运用琉璃、金箔、木雕等传统工艺装饰。"
五印坛城是什么？,五印坛城是灵山胜境中展示藏传佛教文化的核心建筑，坐落在临水而建的圆形基座上，是一座藏式三层楼阁建筑，总高约30米，占地面积5000平方米。坛城是藏传佛教中"曼荼罗"的汉语意译，象征宇宙的和谐与圆满。
五印坛城有哪些参观内容？,五印坛城内可以参观藏式建筑风格、佛教文物展览、转经筒走廊、顶层观景台（可俯瞰灵山全景）。开放时间9:00-17:00，16:30停止入馆。部分展厅需提前预约。
五印坛城的"五印"是什么含义？,五印指的是五种手印：施无畏印、与愿印、说法印、触地印、降魔印。五印坛城通过建筑、雕塑和壁画来展示这五种手印的含义，是藏传佛教文化的集中体现。
阿育王柱是什么？,阿育王柱是灵山胜境中一处重要的佛教文化景观，仿照印度阿育王石柱建造，由汉白玉花岗岩雕刻而成，通高16.9米，柱头有面向四方的狮子，象征佛法向四方传播。阿育王柱寓意佛教的"和平、宽容、正法、普度"核心精神。
阿育王柱在哪个位置？,阿育王柱位于降魔浮雕北侧，天下第一掌前方，竖立在基座平台之上，与灵山大佛、九龙灌浴形成一条中轴线。
天下第一掌是什么？,天下第一掌是灵山大佛右手的等比例仿制铜掌，高11.7米、宽5.5米，重约13吨。游客可以触摸佛掌祈福，寓意"沾沾福气、平安吉祥"，是景区内非常受欢迎的互动景点。
百子戏弥勒是什么景点？,百子戏弥勒是灵山胜境中的一组青铜群雕，高3米、宽7.8米，由9种不同造型的弥勒和嬉戏的儿童组成。雕塑表现了许多孩童围绕弥勒嬉戏的场景，形态各异、生动有趣，寓意"多子多福、家庭和睦"，适合家庭游客拍照留念。
降魔浮雕讲述的是什么故事？,降魔浮雕讲述的是佛陀在菩提树下修行时，战胜魔王魔罗的诱惑和干扰，最终证悟成佛的故事。浮雕表现的是佛陀"降魔成道"的修行历程，体现了佛教"心能降魔、方得解脱"的思想。
曼飞龙塔是什么？在哪里？,曼飞龙塔是灵山胜境中的一座傣族风格佛塔建筑，又称"白塔"，位于五印坛城北侧、临水而建的绿地平台上，与梵宫隔水相望。白塔造型优美，充满东南亚异域风情。
拈花湾是什么？,拈花湾是灵山胜境中以禅意文化为主题的特色小镇，以"禅意、慢生活、静心"为核心理念。小镇内有拈花广场、香月花街、鹿鸣谷等街区，融合了唐风建筑、禅修体验、文创商业和特色美食。
拈花湾有什么特色体验？,拈花湾的特色体验包括：漫步香月花街感受唐风禅意建筑、在禅修工坊体验抄经和茶道、欣赏夜间灯光秀和水上表演、品尝素食和江南特色美食、体验手工造纸和香道等传统技艺。
灵山胜境里有哪些拍照打卡点？,"灵山胜境推荐拍照打卡点包括：1.灵山胜境牌坊（入口标志性建筑）；2.九龙灌浴广场（可拍动态水景）；3.阿育王柱（中轴线全景）；4.五印坛城顶层观景台（俯瞰全景）；5.梵宫内部（金碧辉煌的穹顶和壁画）；6.拈花湾唐风街区。"
灵山胜境有导游服务吗？,灵山胜境部分区域提供免费讲解服务。梵宫文化体验馆提供免费讲解，时间约为9:30、11:00、14:30、16:00，需提前预约。其他景点（如灵山大佛、五印坛城等）是否有付费导游服务，建议直接咨询景区官方。
灵山胜境的开放时间是怎样的？,灵山胜境各景点开放时间不完全相同：灵山胜境牌坊全天开放；梵宫文化体验馆运营时间为8:00-17:00，闭馆前16:30停止入馆；九龙灌浴全天开放。建议以景区官方公告为准。
灵山胜境里有什么佛教文化活动？,灵山胜境的佛教文化活动主要包括：1.梵宫定期举办宗教活动和祈福法会；2.梵宫内有《吉祥颂》大型佛教音乐演出，时间为10:35、11:30、14:00、16:00，节假日可能加演；3.游客可在指定区域参与抄经、点灯、祈福等体验活动。
灵山胜境的吉祥颂演出是什么？,《吉祥颂》是梵宫内的大型佛教音乐演出，通过全息投影、水幕电影等现代科技手段展现佛陀成道的故事。平日演出时间为10:35、11:30、14:00、16:00，节假日可能加演，具体时间以景区广播通知为准。
灵山胜境适合玩多久？,灵山胜境景区面积较大，主要景点分布广泛，建议预留一整天时间游览。如果还要游览拈花湾小镇，建议安排两天行程，以便充分体验各景点和禅修文化。
灵山胜境的游览路线怎么安排比较好？,推荐游览路线：从灵山胜境牌坊进入→参观九龙灌浴→沿中轴线经过阿育王柱、天下第一掌→参拜灵山大佛→参观梵宫（含《吉祥颂》演出）→前往五印坛城→最后游览拈花湾小镇。建议上午参观主景区，下午前往拈花湾。
灵山大佛内部可以进去吗？,参考材料中未明确说明灵山大佛内部是否可以进入参观。据部分资料显示，大佛基座内设有佛教文化展厅，具体开放情况请咨询景区官方。
灵山胜境有什么季节最美？,灵山胜境四季各有特色：春季百花盛开，夏季绿树成荫，秋季可观赏红叶和银杏，冬季雪景别有意境。景区内以佛教建筑和人文景观为主，四季皆适合游览。
灵山胜境有没有寺庙可以烧香？,参考材料中提到灵山胜境内有佛教文化场所，梵宫常年开展宗教活动。但具体的烧香礼佛场所和规定，参考材料中未详细说明，建议到现场咨询工作人员。
灵山胜境的九龙灌浴下雨天还演出吗？,参考材料中未提供九龙灌浴在恶劣天气下的演出安排信息。一般情况下，大型户外表演在风雨天气可能会暂停或调整，建议出发前关注景区当天公告。
灵山胜境可以带宠物吗？,抱歉，我暂时无法回答该问题。
灵山胜境门票多少钱？,抱歉，我暂时无法回答该问题。
灵山胜境有学生票吗？有优惠吗？,抱歉，我暂时无法回答该问题。
灵山胜境怎么去？有什么交通方式？,抱歉，我暂时无法回答该问题。
灵山胜境有停车场吗？停车收费吗？,抱歉，我暂时无法回答该问题。
灵山胜境附近有什么酒店？,抱歉，我暂时无法回答该问题。
拈花湾里面有住宿吗？,抱歉，我暂时无法回答该问题。
灵山胜境有什么好吃的？有素斋吗？,抱歉，我暂时无法回答该问题。
灵山胜境有轮椅租赁吗？无障碍设施怎样？,抱歉，我暂时无法回答该问题。
灵山胜境适合带老人去吗？,抱歉，我暂时无法回答该问题。
灵山胜境适合带小孩去吗？,抱歉，我暂时无法回答该问题。
灵山胜境有行李寄存处吗？,抱歉，我暂时无法回答该问题。
灵山胜境可以网上购票吗？,抱歉，我暂时无法回答该问题。
灵山胜境有夜场吗？晚上开放吗？,抱歉，我暂时无法回答该问题。
灵山胜境有没有wifi？,抱歉，我暂时无法回答该问题。
灵山有哪些关于灵山大佛的传说？,根据参考资料，灵山大佛是灵山胜境的核心地标，高88米，由青铜铸造。大佛所在的小灵山相传与唐代高僧玄奘有关——玄奘西行取经归来后曾游历至此，见山形似灵鹫山，遂命名为"小灵山"。大佛右手结施无畏印、左手结与愿印，分别象征消除众生的恐惧和满足众生的愿望。
拈花湾的名字有什么含义？,拈花湾的名字取自佛教典故"拈花一笑"——相传释迦牟尼在灵山会上拈花示众，唯有迦叶尊者会心一笑，佛陀便将禅宗心法传于迦叶。拈花湾以"禅意"为核心，寓意人们在此可以领悟生活的真谛，找到内心的平静与喜悦。
什么是"九龙灌浴"的佛教典故？,九龙灌浴源自佛陀诞生的典故：相传释迦牟尼太子诞生时，天上有九条龙从空中喷出温凉二泉为其沐浴。太子一手指天、一手指地，宣称"天上天下，唯我独尊"。灵山胜境的大型动态雕塑表演就是根据这一佛教典故创作的。
梵宫里的琉璃佛像有什么特别之处？,梵宫收藏的琉璃佛像采用古法琉璃工艺烧制，色彩绚丽、层次丰富。琉璃在佛教中象征清净无染，梵宫的琉璃佛像群在灯光映照下散发七彩光芒，视觉效果十分震撼，是梵宫艺术珍品的重要组成部分。
灵山胜境的"天下第一掌"为什么要摸？,"天下第一掌"是灵山大佛右手的等比例复制品，游客触摸佛掌寓意"沾沾福气"。民间流传"摸佛手、保平安"的说法，因此这里成为游客祈福的热门打卡点，尤其受家庭游客欢迎。
灵山胜境有什么适合亲子的景点？,根据参考资料，灵山胜境中百子戏弥勒（青铜儿童群雕）是非常适合亲子游览的景点。此外，九龙灌浴的动态音乐表演和梵宫的全息投影演出也能吸引孩子们的兴趣，适合带小朋友一起观赏。
曼飞龙塔和五印坛城之间有什么关系？,曼飞龙塔和五印坛城都展示了不同地区的佛教建筑风格：曼飞龙塔为傣族南传佛教风格的白塔，五印坛城为藏传佛教风格的坛城建筑。两者均位于灵山胜境的临水区域，展示了佛教文化在不同民族和地区的多元表达。
灵山胜境中的"降魔浮雕"位于哪里？,降魔浮雕位于灵山胜境中轴线上，具体位置在九龙灌浴与阿育王柱之间。浮雕以巨型石雕形式展现佛陀降魔成道的场景，是游客了解佛陀修行故事的重要节点。
灵山胜境有哪些适合情侣游览的景点？,拈花湾的唐风街区、香月花街和夜间灯光秀营造了浪漫的禅意氛围，非常适合情侣漫步。五印坛城的顶层观景台可以俯瞰景区全景，也是情侣拍照的好地方。
灵山胜境与拈花湾是否分开售票？,抱歉，我暂时无法回答该问题。
灵山大佛与香港天坛大佛、四川乐山大佛有什么不同？,抱歉，我暂时无法回答该问题。
灵山胜境附近还有哪些可以玩的景点？,抱歉，我暂时无法回答该问题。
灵山胜境景点之间可以坐观光车吗？,抱歉，我暂时无法回答该问题。
灵山胜境的历史有多久了？,抱歉，我暂时无法回答该问题。
灵山胜境有没有APP或小程序可以导航？,抱歉，我暂时无法回答该问题。
灵山胜境的"小灵山"有什么由来？,根据参考资料，小灵山的名称与唐代高僧玄奘有关。相传玄奘西行取经归来后曾游历至此，见此处山形似印度灵鹫山（释迦牟尼曾在此说法），遂将此山命名为"小灵山"。灵山大佛就坐落在小灵山上，背倚青山、面朝太湖。
灵山胜境的梵宫和无锡梵宫是同一个地方吗？,参考资料中提到的"梵宫"即灵山胜境景区内的梵宫，是灵山胜境的标志性建筑之一。至于无锡地区是否还有其他同名建筑，参考资料中未提及。
灵山胜境适合一个人去游览吗？,灵山胜境以佛教文化为主题，环境庄严肃穆、景色优美，拈花湾小镇更是以"禅意、慢生活"为理念，非常适合一个人安静游览、放松心情，体验抄经、茶道等禅修活动。
灵山胜境的九龙灌浴广场能容纳多少人？,抱歉，我暂时无法回答该问题。
灵山胜境有什么特色纪念品可以买？,抱歉，我暂时无法回答该问题。
灵山胜境可以航拍吗？,抱歉，我暂时无法回答该问题。
灵山胜境的梵宫需要另外买票吗？,抱歉，我暂时无法回答该问题。
灵山胜境有没有行李寄存、婴儿车租赁等服务？,抱歉，我暂时无法回答该问题。
灵山胜境里的"香月花街"有什么特色？,香月花街是拈花湾小镇内的主要商业街区，以唐风建筑为特色，街道两旁分布着禅修体验馆、文创商店、茶馆和特色餐饮。游客可以在此体验手工造纸、香道、抄经等传统文化活动，夜晚灯火通明，充满禅意。
灵山胜境有素食餐厅吗？,抱歉，我暂时无法回答该问题。
灵山胜境每天接待多少游客？有游客限流吗？,抱歉，我暂时无法回答该问题。
灵山胜境有没有研学旅行或学生团体接待项目？,抱歉，我暂时无法回答该问题。
灵山胜境、拈花湾两日游怎么安排？,"根据参考资料，建议两日游安排如下：第一天游览灵山胜境主景区，沿中轴线参观九龙灌浴、阿育王柱、灵山大佛、梵宫（含《吉祥颂》演出）、五印坛城等核心景点；第二天前往拈花湾小镇，体验唐风建筑、禅修工坊、特色美食，晚上欣赏灯光秀。"
灵山胜境的英文介绍有吗？,抱歉，我暂时无法回答该问题。
灵山胜境在节假日人多吗？需要提前预约吗？,抱歉，我暂时无法回答该问题。
灵山胜境有没有针对本地市民的优惠？,抱歉，我暂时无法回答该问题。
